last name,first name,middle initial,name suffix,student id number,new applicant,civil status,birhtdate,birthplace,gender,nationality,street number,street name,city,province,region,alternate address,mobile number,landline,email,degree,course,year,school,expected graduation,dost?,scholar?,IT BPO?
Yang,Akeem,J,Jr.,15555107,Yes,Widowed,12/01/80,Filinvest,F,Chinese,1759,porttitor tellus,Malabon,Rizal,VI,vel lectus.,7134353830479,1958025,sed@sit.org,AB,CoE,4,TIP-Manila,2018,No,Yes,No
Beach,Maisie,G,Sr.,66575228,Yes,Widowed,02/09/83,Caloocan,F,Korean,2914,mollis,Cebu,Rizal,CAR,non,7389858643058,5207717,accumsan@velconvallis.edu,AB,CS,2,LSPU-Bacoor,2015,No,Yes,Yes
Webb,Chantale,M,Sr.,79984187,Yes,Married,10/31/81,Cebu,M,American,2737,convallis,Caloocan,Rizal,VII,ad litora torquent,3200142419897,9559046,Donec.sollicitudin.adipiscing@arcuac.com,BS,IT,3,CVSU-Imus,2017,Yes,No,Yes
Barton,Catherine,K,Jr.,5754902,No,Married,06/20/81,Davao,M,Chinese,4486,nascetur,Manila,Quezon,X,vitae mauris sit,8470457120332,8213878,velit@mattisornare.co.uk,BS,ECE,3,TUP-Taguig,2016,Yes,Yes,Yes
Dale,Neve,J,Jr.,10037427,Yes,Widowed,04/06/83,Beijing,M,Filipino,376,est,Manila,Quezon,XI,eleifend.,4226078826934,4487650,in.dolor.Fusce@Ut.com,BS,CS,4,UP-Manila,2017,Yes,Yes,No
Graham,Lenore,X,II,44701190,No,Married,11/11/84,Malabon,M,American,928,"ornare, libero",Davao,Quezon,XIII,cursus,5754664430394,7599037,Quisque.imperdiet.erat@Aliquamultrices.org,BS,Marketing,1,STI,2016,Yes,No,Yes
Alford,Boris,Q,Sr.,9965220,Yes,Separated,02/16/81,Filinvest,M,American,3837,Duis,Mandalyong,Rizal,XII,"elit,",5286868155468,7247605,Quisque.tincidunt.pede@ullamcorpereu.ca,AB,ECE,2,PangSU,2018,Yes,No,Yes
Sears,Chantale,Z,Jr.,74208112,Yes,Separated,08/16/82,Mandalyong,F,Korean,3167,Aenean sed,Binangonan,Rizal,CAR,"laoreet posuere,",8017425261903,3565323,a.tortor.Nunc@euelitNulla.com,AB,CoE,2,WVSU,2018,Yes,No,Yes
Carney,Martha,Y,Jr.,15039652,Yes,Single,08/11/80,Filinvest,M,Korean,4282,Donec porttitor tellus,Binangonan,Rizal,XII,massa. Vestibulum,7661201279610,7949442,nisl.arcu.iaculis@Nunc.com,AB,CS,2,DLS-CSB,2016,Yes,No,No
Hubbard,Iris,K,II,58499073,No,Separated,08/25/81,Cebu,F,Chinese,2810,sem.,Filinvest,Quezon,VI,nec quam.,4832258697133,2981092,orci.tincidunt@aliquet.net,AB,Marketing,1,LSPU-Trece Martires,2017,Yes,No,No
Higgins,Hamish,T,Sr.,45319270,No,Single,09/19/83,Taytay,M,Filipino,900,"rutrum, justo.",Quezon City,Rizal,VI,"a, auctor non,",5332607647869,9306152,suscipit@CraspellentesqueSed.co.uk,BS,ECE,3,NORSU-Bayawan,2015,Yes,Yes,No
Cole,Marah,A,III,98611319,No,Separated,03/18/84,Manila,F,Filipino,931,Praesent interdum ligula,Beijing,Quezon,XI,"in, dolor.",5217051859945,3248023,Curabitur@cursus.co.uk,BS,ECE,4,NORSU-Bayawan,2017,No,No,Yes
Guy,Neville,N,II,33736681,Yes,Single,10/22/82,Davao,M,Korean,4286,"non,",Taytay,Quezon,VI,risus. Morbi,1486955365166,2280272,sollicitudin.commodo.ipsum@consectetuer.net,AB,CS,4,TIP-QC,2018,Yes,Yes,Yes
Head,Vance,N,III,77945271,No,Married,06/24/81,Cebu,F,Korean,17,vitae,Taytay,Rizal,XII,egestas hendrerit,7054306701291,8207352,adipiscing.elit@in.ca,BS,Management,1,LSPU-Cavite City,2017,No,No,No
Blair,Cruz,W,Jr.,35010525,Yes,Widowed,05/22/80,Cebu,M,Korean,3073,risus.,Davao,Quezon,V,"laoreet posuere,",2251357140019,9264434,urna@erat.ca,AB,Management,2,JRU,2015,No,Yes,Yes
Pollard,Hamish,E,III,65812802,No,Married,10/09/80,Beijing,M,Chinese,2006,dolor. Fusce,Cebu,Rizal,I,molestie orci,1936968476977,7939692,lobortis.quam@elitpharetra.com,AB,Marketing,4,TIP-QC,2017,No,No,Yes
Chaney,Martin,K,III,33522717,Yes,Single,03/27/84,Antipolo,M,American,3273,"nonummy ac,",Mandalyong,Quezon,IX,amet ornare lectus,6859424175228,8370156,penatibus.et.magnis@nibhdolor.org,AB,Marketing,1,TIP-QC,2018,No,Yes,Yes
Marquez,Murphy,E,II,34041023,No,Married,05/15/83,Beijing,M,Korean,4764,libero.,Cebu,Rizal,II,Aenean egestas,4860902237705,8801849,euismod@estmaurisrhoncus.ca,AB,IT,3,BatStateU-Balayan,2017,No,No,Yes
Mcdaniel,Mariam,A,II,95975953,No,Single,11/17/80,Filinvest,M,American,2511,lorem tristique aliquet.,Beijing,Rizal,CAR,"consequat auctor, nunc",9713713104836,7201765,Suspendisse.sed.dolor@vel.edu,BS,ECE,2,TUP-Manila,2016,Yes,Yes,Yes
Branch,Martena,K,II,75493790,Yes,Separated,08/19/81,Mandalyong,F,American,3377,"sem, consequat",Caloocan,Rizal,V,"non, egestas",9210622869431,5114535,turpis@lobortisquam.net,BS,ECE,4,LSPU-General Trias,2017,No,Yes,No
Moran,Hayfa,B,Sr.,28666860,No,Separated,01/01/83,Malabon,F,Korean,2593,Proin velit.,Cebu,Rizal,NCR,lectus.,5595512042287,4969174,enim.non@fringillamilacinia.co.uk,BS,CoE,2,LSPU-Siniloan,2018,Yes,No,No
Blankenship,Chandler,T,Jr.,92433075,No,Married,09/19/81,Manila,F,Filipino,4731,Quisque ornare,Cebu,Quezon,VII,sed,1029339678585,3110278,sodales@natoquepenatibuset.co.uk,BS,ECE,1,BatStateU-Lipa,2016,Yes,No,Yes
Bradford,Valentine,W,III,94750845,Yes,Separated,09/20/82,Davao,F,Chinese,4688,Mauris,Quezon City,Quezon,III,Integer,7924033556133,7129646,fermentum@tinciduntadipiscingMauris.org,AB,CoE,2,LSPU-Naic,2016,No,No,Yes
Cortez,Jesse,K,III,21380894,No,Separated,11/03/84,Taytay,F,Korean,3570,Mauris magna.,Antipolo,Rizal,VII,congue turpis. In,8539248916786,8634293,non@nuncIn.ca,BS,IT,1,NIPSC,2016,Yes,No,No
Hopkins,Zachary,E,Sr.,10363490,Yes,Widowed,02/03/81,Quezon City,M,Filipino,4228,urna.,Malabon,Rizal,IX,Proin vel,9315038336906,2297341,nunc@interdum.co.uk,AB,CS,4,BulSU-Malolos,2016,No,Yes,Yes
Short,Xena,W,Sr.,1846899,No,Married,09/04/83,Davao,M,Korean,4008,eu tellus.,Mandalyong,Quezon,XIV,vel,8195418395567,7533079,diam.nunc.ullamcorper@nisiAeneaneget.edu,AB,Management,1,RTU,2015,No,No,Yes
Pierce,Harper,M,III,70782647,No,Married,03/30/84,Filinvest,F,American,2099,Fusce feugiat. Lorem,Caloocan,Rizal,XIV,tincidunt dui,4359928671736,9454609,molestie.sodales.Mauris@amet.net,BS,Management,1,CHMSC,2017,No,Yes,Yes
Hester,Cleo,Q,II,84720268,No,Single,09/17/82,Cainta,M,Chinese,4109,"nec, diam. Duis",Cebu,Rizal,X,"non, lobortis quis,",7914134465623,7438106,conubia.nostra@etlacinia.net,BS,ECE,3,LSPU-Naic,2017,No,No,No
Dudley,Madaline,M,III,31903443,Yes,Married,07/11/80,Binangonan,M,Chinese,1557,Cum sociis natoque,Caloocan,Rizal,III,odio sagittis,8177080069668,1628517,orci@lobortisrisus.org,AB,ECE,4,Arellano University,2015,No,Yes,No
Doyle,Piper,F,III,28433928,No,Widowed,02/24/83,Cainta,M,Korean,3987,arcu.,Beijing,Rizal,X,sit amet,9181345258839,8953259,Vestibulum@habitant.edu,AB,ECE,4,LSPU-Siniloan,2017,Yes,No,Yes
Fisher,Sandra,C,Jr.,56488705,No,Single,08/25/82,Malabon,F,Filipino,4171,diam. Proin,Mandalyong,Rizal, VIII,augue,5847693400923,1989922,felis.purus@Sednecmetus.edu,AB,ECE,1,MIT-Main,2018,No,Yes,Yes
Sawyer,Oprah,A,II,7371383,Yes,Married,06/25/83,Taytay,F,Chinese,4576,bibendum. Donec,Cebu,Rizal,VI,"nibh lacinia orci,",3509608030784,1916686,lobortis@fringilla.ca,AB,CS,4,PangSU,2016,Yes,No,No
Briggs,Courtney,G,Jr.,28113091,No,Separated,05/09/84,Filinvest,F,American,3630,Nullam,Cebu,Rizal,VI,risus. Duis,8547978228889,2849820,quam@vehiculaetrutrum.org,BS,Marketing,4,UE,2016,Yes,Yes,No
Wilcox,Medge,R,Sr.,87867924,Yes,Single,06/29/80,Manila,F,American,3022,Vivamus,Beijing,Quezon,CAR,diam,1344740301370,3721613,ipsum@mollis.net,BS,ECE,3,AdU-NCR,2017,No,Yes,Yes
Kidd,Maxine,Y,Sr.,28663454,Yes,Single,03/05/80,Antipolo,M,Korean,3921,ultricies,Malabon,Quezon,II,Integer mollis. Integer,1952528432477,3537861,vel.vulputate@lobortisnisi.ca,AB,CS,2,AdU-NCR,2018,Yes,No,No
Rowland,Latifah,B,III,31657083,Yes,Separated,10/28/83,Binangonan,M,Chinese,1046,"Duis cursus, diam",Caloocan,Quezon,NCR,augue eu tellus.,8680752541404,2883087,dolor@velmauris.ca,BS,IT,4,NIPSC,2018,Yes,No,No
Lang,Jin,M,Jr.,33228021,No,Widowed,04/24/83,Antipolo,M,Korean,2080,sollicitudin orci sem,Cebu,Quezon,I,ut lacus.,6840034427586,3125104,ut@lectusrutrum.co.uk,BS,IT,3,Informatics,2018,No,Yes,No
French,Ifeoma,I,III,22324994,Yes,Separated,09/19/84,Malabon,F,Chinese,857,Morbi non,Manila,Quezon,CAR,"elit, dictum eu,",1626817109063,9714376,consequat@et.ca,BS,Marketing,2,APC,2015,Yes,No,No
Duncan,Wylie,Z,Jr.,34160583,No,Separated,11/02/84,Taytay,M,Chinese,4585,torquent,Filinvest,Quezon,V,lectus,9619173748884,1604507,at@metusInnec.org,AB,CoE,1,Meriam College,2015,Yes,No,Yes
Santos,Madison,B,III,83992591,Yes,Widowed,05/17/80,Binangonan,F,Filipino,945,"vel, convallis",Binangonan,Quezon,CAR,elit,4131276270840,4042511,eleifend.vitae.erat@loremut.org,AB,Management,3,PangSU,2017,No,Yes,Yes
Foreman,Cruz,X,II,68226433,Yes,Married,05/28/81,Cebu,M,Chinese,3570,"mauris elit, dictum",Cebu,Rizal,NCR,fringilla purus,4714657012373,9241075,a@gravidaAliquamtincidunt.com,BS,CoE,3,UP-Manila,2016,No,No,Yes
Fowler,Nora,M,III,39936090,No,Married,03/15/80,Quezon City,F,American,2308,metus urna,Taytay,Rizal,VI,Aliquam fringilla,8248820908833,1652360,nisi@duiFuscediam.co.uk,AB,IT,1,LSPU-Naic,2017,No,Yes,Yes
Mcgowan,Joelle,M,Jr.,59731471,Yes,Single,05/25/82,Antipolo,F,Filipino,807,erat.,Binangonan,Quezon,XIII,tellus,5567013248801,4374215,dolor@ullamcorperviverraMaecenas.co.uk,BS,Marketing,2,TUP-Taguig,2017,No,Yes,No
Jarvis,Rahim,U,Sr.,75526008,Yes,Single,10/19/83,Antipolo,F,Chinese,1640,Donec sollicitudin adipiscing,Cainta,Quezon,XIV,Nunc commodo,3597321215085,6748138,quam.dignissim@sagittisplaceratCras.co.uk,BS,ECE,1,DLSU,2015,No,Yes,No
Wagner,Hadassah,H,Sr.,28505908,Yes,Single,01/24/81,Filinvest,M,American,496,tellus non magna.,Quezon City,Rizal,NCR,urna et,8214100802782,9801553,auctor.non@Loremipsumdolor.org,AB,CS,2,Don Bosco Manila,2018,No,Yes,No
Colon,Fleur,Q,II,88321693,No,Single,08/17/80,Taytay,M,Korean,3841,"adipiscing non,",Filinvest,Rizal,XII,Phasellus nulla.,7909295245073,9557691,Morbi@euismodin.ca,AB,ECE,1,LSPU-Trece Martires,2018,Yes,Yes,No
Ellison,Zelenia,K,III,83667871,Yes,Widowed,07/27/80,Filinvest,M,Korean,2007,et malesuada fames,Filinvest,Quezon,V,Phasellus in felis.,8432695385068,3534632,bibendum.fermentum@molestieintempus.net,AB,CoE,4,CVSU-Rosario,2017,No,Yes,Yes
Salinas,Raven,E,II,88540499,No,Single,12/15/84,Binangonan,F,American,3897,justo eu,Davao,Quezon,III,"purus, accumsan interdum",5264060632325,4557482,vitae@nascetur.net,AB,CS,1,Our Lady of Fatima,2017,No,Yes,Yes
Espinoza,Holmes,G,Jr.,13227593,No,Separated,12/21/84,Davao,F,American,2115,Aliquam,Cainta,Quezon,V,eu neque pellentesque,2819883355405,1754572,magna.Nam@feugiat.co.uk,BS,Marketing,3,BatStateU-Main 2,2015,No,Yes,No
Bernard,Fuller,Y,Sr.,61081664,Yes,Married,01/15/83,Caloocan,F,American,2286,vehicula risus.,Cebu,Rizal,V,sapien,1209767315071,7800581,lobortis.tellus.justo@arcuacorci.org,BS,Management,4,BatStateU-Lipa,2017,Yes,No,No
Payne,Robin,L,III,82381068,Yes,Married,01/05/84,Antipolo,M,Filipino,3652,ut,Antipolo,Quezon, VIII,inceptos,5795531518291,5089561,non@antelectusconvallis.org,BS,IT,2,TUP-Taguig,2017,No,Yes,No
Key,Inga,P,III,75144934,Yes,Separated,06/09/80,Binangonan,F,Korean,4200,ridiculus mus. Aenean,Binangonan,Rizal,III,In,8008739104028,7481218,porttitor.interdum.Sed@fermentummetus.edu,BS,CoE,4,NORSU-Bayawan,2016,Yes,Yes,No
Leblanc,Charles,R,Sr.,63806378,Yes,Widowed,04/13/80,Antipolo,F,Korean,1530,"non,",Cebu,Rizal,VII,"quis, pede.",7716907462570,9810604,eleifend.nunc@Aliquamtinciduntnunc.com,BS,Marketing,4,UP-Manila,2018,Yes,Yes,No
Hunter,Gareth,D,III,28881121,No,Married,07/18/83,Mandalyong,F,Filipino,1909,eu,Taytay,Rizal,I,velit,5210435910616,4813947,ipsum@sodalesnisi.co.uk,BS,CS,3,JRU,2015,Yes,Yes,No
Buckner,Xaviera,T,II,77661679,Yes,Single,03/06/81,Filinvest,M,Filipino,188,Vestibulum ut,Filinvest,Quezon,NCR,lectus,1885419495869,7600671,Cum.sociis.natoque@aliquetnecimperdiet.com,BS,Marketing,3,DLSU,2017,Yes,No,Yes
Thompson,Ora,A,Jr.,61762346,Yes,Widowed,06/28/81,Antipolo,F,Korean,4884,Mauris,Antipolo,Rizal, VIII,at lacus. Quisque,4378216978628,8335144,montes@Integertinciduntaliquam.net,BS,ECE,4,BatStateU-Lobo,2016,Yes,Yes,Yes
Kemp,Holly,J,III,71929705,No,Single,02/20/80,Cainta,M,Korean,2846,Cras,Manila,Quezon,I,metus.,9982734872028,5770998,viverra@dictum.co.uk,BS,IT,2,AdU-NCR,2018,No,Yes,No
Stephenson,Alma,V,III,76545488,No,Married,01/07/83,Filinvest,F,Korean,4879,Donec non justo.,Cainta,Rizal,IX,mus.,4403637451119,9076878,Etiam.imperdiet.dictum@odiotristique.ca,AB,ECE,2,BengSU,2016,Yes,No,No
Castro,Wanda,J,Jr.,53951220,No,Married,08/01/82,Mandalyong,F,Filipino,2541,"nec, eleifend non,",Quezon City,Rizal,XII,"vel, convallis in,",1887599381618,6893065,non@mifelis.ca,BS,CoE,2,NORSU-Mabinay,2018,No,No,Yes
Cook,Libby,A,Jr.,4673902,Yes,Widowed,06/14/83,Antipolo,F,Chinese,1789,ipsum non arcu.,Quezon City,Rizal,XIV,massa non ante,6992489318829,5763757,sit.amet.consectetuer@quis.com,BS,Management,2,Our Lady of Fatima,2016,Yes,No,Yes
Leon,Wylie,K,Jr.,32777072,No,Single,10/25/80,Antipolo,F,Chinese,1842,sagittis semper.,Caloocan,Quezon,IX,Duis ac arcu.,6021220229100,8443374,bibendum@Nuncquis.co.uk,BS,Marketing,2,TUP-Taguig,2016,No,No,No
Mcguire,Charles,U,Jr.,7682333,Yes,Married,08/09/81,Davao,M,Korean,1450,bibendum ullamcorper. Duis,Quezon City,Rizal,VI,eu,8642687733285,7957912,ac@Naminterdum.org,BS,Management,4,BulSU-Meneses,2015,No,No,No
Holden,Rachel,K,II,75790784,Yes,Separated,05/29/83,Binangonan,M,Filipino,3814,molestie sodales.,Davao,Rizal,XIV,Mauris vel turpis.,6671654175966,2291546,adipiscing.enim@metus.net,AB,Management,1,FEU-Main,2016,No,No,No
Stark,Giacomo,J,Jr.,79645312,No,Married,04/27/83,Binangonan,F,Chinese,867,"non,",Davao,Rizal,II,Ut,3190540296025,1477722,neque.In.ornare@consequat.net,AB,IT,2,UP-Diliman,2015,No,Yes,No
Valdez,Nash,X,Jr.,51651602,Yes,Widowed,12/28/83,Beijing,F,Korean,951,"euismod in, dolor.",Mandalyong,Quezon,II,nec enim.,7888478478416,6116260,sit@magna.ca,AB,Marketing,4,BatStateU-Malvar,2018,Yes,No,Yes
Willis,Elton,I,Jr.,93836763,No,Single,11/02/83,Cainta,M,American,4305,natoque,Filinvest,Quezon,VI,penatibus et magnis,9917022486217,4072627,velit@pede.net,BS,CS,2,Our Lady of Fatima,2018,Yes,Yes,No
Griffin,Lane,C,Jr.,13746008,No,Separated,11/02/82,Beijing,F,American,3898,semper rutrum. Fusce,Filinvest,Quezon,IX,Pellentesque ut ipsum,3183005706872,8488513,auctor.velit.eget@Phaselluselit.ca,AB,Management,4,PangSU,2017,Yes,No,No
Gibbs,Cullen,C,Jr.,42602318,Yes,Separated,08/19/83,Manila,F,Korean,4580,ante. Vivamus,Binangonan,Rizal,XIII,semper rutrum.,8200604388024,9143390,sed.consequat@afeugiat.co.uk,BS,Management,2,DLSU,2017,No,Yes,No
Nielsen,Tiger,V,II,76605598,No,Married,05/03/84,Beijing,F,Korean,4289,sem magna,Malabon,Rizal,XI,dictum,1092597051057,8505919,fringilla.euismod@justoeu.co.uk,AB,CS,1,BatStateU-Main 2,2016,Yes,Yes,No
Randall,Wendy,N,III,52102274,Yes,Single,10/03/82,Cebu,M,Filipino,820,Fusce,Antipolo,Quezon,VI,gravida nunc sed,7959893705789,3481897,vel@augueeu.com,BS,Marketing,3,DLS-CSB,2015,No,Yes,Yes
Ross,Keane,G,Sr.,71818333,Yes,Married,04/12/82,Filinvest,M,American,2574,orci lacus vestibulum,Taytay,Quezon, VIII,lacinia,7903485337272,9970149,urna.Ut.tincidunt@orcilacusvestibulum.org,BS,Management,1,BatStateU-Rosario,2017,No,No,No
Fernandez,Daryl,R,Sr.,2043269,No,Single,02/09/80,Antipolo,M,Korean,2252,convallis,Binangonan,Quezon,III,dui. Cum sociis,7105077980086,6222921,montes.nascetur@Namconsequatdolor.net,BS,Management,2,UST,2018,No,Yes,Yes
Jefferson,Colt,U,Sr.,89142213,No,Separated,08/27/83,Taytay,F,Korean,4230,bibendum,Caloocan,Quezon,IX,at lacus.,6678639725316,2546306,natoque.penatibus.et@necmalesuada.org,AB,IT,2,DMMMSU,2015,Yes,No,No
Hudson,Igor,T,Jr.,72844968,No,Widowed,11/22/81,Filinvest,F,American,21,pede.,Quezon City,Quezon,V,"laoreet, libero",5652089905459,2084706,Sed.eu.eros@nuncsed.co.uk,BS,IT,1,FEU-FERN,2015,Yes,No,No
Austin,Phoebe,A,Sr.,73658990,Yes,Single,08/19/81,Binangonan,M,Korean,2631,fermentum convallis,Manila,Quezon,I,odio semper,7742497459053,7041766,tincidunt.nibh.Phasellus@quis.org,AB,Marketing,3,CVSU-Rosario,2018,Yes,No,No
Prince,Aidan,H,III,21803105,No,Widowed,04/29/84,Malabon,F,Filipino,3757,Aliquam rutrum,Manila,Quezon,I,"Sed pharetra,",8023855606559,3354997,Phasellus.dapibus@felisorciadipiscing.ca,AB,Management,1,MIT-Main,2015,No,No,No
Koch,Nichole,J,II,31576292,Yes,Separated,03/05/84,Taytay,M,American,4916,lectus,Malabon,Rizal,III,eu neque pellentesque,2219756438862,6129257,parturient.montes@volutpat.com,AB,IT,4,NORSU-Guihulngan,2015,Yes,No,No
Mooney,Taylor,D,Jr.,38230905,Yes,Married,08/15/81,Cainta,F,Korean,3879,felis ullamcorper,Quezon City,Quezon,V,libero. Morbi accumsan,9887772938236,7734574,est.Nunc@nunc.co.uk,BS,ECE,1,CVSU-Rosario,2015,No,No,Yes
Duncan,Zachary,S,Sr.,2165314,Yes,Widowed,02/09/80,Davao,M,Filipino,2681,magna.,Manila,Quezon,III,massa,8675890425685,4370790,non.hendrerit@ipsum.co.uk,AB,Marketing,3,CVSU-Carmona,2018,No,Yes,Yes
Baker,Scarlett,D,Sr.,43835510,No,Married,07/04/83,Manila,F,Korean,2384,"lectus,",Taytay,Rizal,X,accumsan laoreet,6048464335501,4531327,Donec@Cumsociis.net,BS,IT,3,DMMMSU,2017,No,Yes,No
Hernandez,Justina,P,III,37432351,Yes,Married,03/11/84,Mandalyong,F,Korean,3347,Duis ac arcu.,Filinvest,Rizal,IX,cursus. Integer mollis.,1025126355700,1816361,quis.diam@sociis.net,BS,ECE,2,BatStateU-Lemery,2018,No,No,Yes
Carlson,Diana,H,II,45978694,Yes,Widowed,03/02/84,Cainta,F,American,1098,Fusce,Filinvest,Quezon,CAR,non,6183500873390,9305034,aliquet@Mauris.org,BS,CoE,1,UST,2018,Yes,Yes,No
Nelson,Brennan,G,III,45931726,No,Separated,03/02/81,Caloocan,M,Filipino,3220,quis urna.,Malabon,Rizal, VIII,tellus. Aenean,6867023095488,6507371,eleifend.nunc@Phasellusin.co.uk,BS,CoE,2,JRU,2017,No,Yes,Yes
Matthews,Maile,Z,III,54889117,Yes,Widowed,07/23/83,Mandalyong,M,Chinese,2817,velit. Sed malesuada,Malabon,Rizal,I,molestie pharetra,4722663012333,6447318,et.malesuada.fames@enim.org,BS,CoE,4,FEU-FERN,2018,Yes,Yes,No
Kelly,Quail,S,II,44910922,Yes,Widowed,08/22/82,Mandalyong,M,Filipino,3077,ac metus,Binangonan,Rizal,VI,"in, dolor. Fusce",5358251602854,3891692,et@urnaVivamusmolestie.org,BS,ECE,1,CVSU-Rosario,2017,Yes,Yes,Yes
House,Phillip,O,Jr.,52349580,Yes,Widowed,07/17/84,Cainta,F,Korean,2452,nec,Filinvest,Quezon,XI,Nullam nisl. Maecenas,8801822125446,2611808,imperdiet.erat.nonummy@semeget.net,BS,Marketing,4,NIPSC,2018,Yes,No,No
Wood,Brenna,D,Jr.,59263118,Yes,Widowed,06/12/82,Antipolo,M,American,3061,"vitae, sodales at,",Taytay,Rizal,X,libero et tristique,7965463258326,8992201,cursus.non@etmagnisdis.ca,AB,IT,3,Meriam College,2015,Yes,Yes,Yes
Stevenson,Leslie,M,II,61300594,Yes,Widowed,07/10/84,Malabon,F,Chinese,2924,ac tellus. Suspendisse,Quezon City,Quezon,XIV,nonummy ipsum,2159845063462,4201718,ut.aliquam@commodo.net,AB,CoE,3,NORSU-Main,2018,No,Yes,No
Olsen,Molly,Q,Sr.,29165246,Yes,Separated,07/13/80,Manila,M,Chinese,2731,volutpat. Nulla,Mandalyong,Quezon,I,malesuada,4184822684619,9943713,Proin.vel@cursuspurusNullam.net,BS,CS,4,CVSU-Imus,2016,Yes,No,Yes
Moses,Alana,U,Jr.,54695583,Yes,Married,12/07/84,Cebu,M,Chinese,4898,nec mauris blandit,Malabon,Quezon,V,"fringilla,",8353689451701,2822042,Donec.vitae.erat@fermentumrisusat.net,BS,CoE,2,BulSU-Meneses,2017,Yes,Yes,Yes
Goff,Marshall,T,Sr.,88192730,Yes,Widowed,01/21/82,Mandalyong,F,Chinese,4733,"amet, faucibus ut,",Manila,Rizal,VI,"ut cursus luctus,",1405886523891,6709789,sit.amet@Etiam.org,BS,Marketing,2,Our Lady of Fatima,2015,Yes,No,Yes
Dean,Tatiana,G,II,54521086,No,Single,02/01/81,Davao,F,American,620,commodo auctor velit.,Caloocan,Quezon,CAR,Etiam vestibulum massa,6091625139582,6977458,a.facilisis.non@tristique.co.uk,AB,Marketing,4,NIPSC,2018,No,Yes,No
Key,Kaitlin,B,II,51525617,No,Single,09/05/81,Cebu,F,American,2838,sem,Manila,Quezon,VII,lectus pede et,6560520370025,6066536,risus.Donec.egestas@lacusQuisquepurus.edu,AB,CS,1,RTU,2018,No,No,No
Sanford,Dean,P,Jr.,33923908,Yes,Single,12/16/82,Taytay,F,Filipino,3157,egestas blandit. Nam,Beijing,Quezon,X,metus.,2383834427222,4862176,commodo@Donectemporest.com,AB,ECE,2,WVCST,2016,Yes,No,Yes
Pittman,Halla,V,III,43302244,No,Separated,11/03/80,Taytay,F,Filipino,2898,placerat velit. Quisque,Mandalyong,Quezon,IX,ullamcorper. Duis,6480800994206,7007103,cursus.et@Nullafacilisi.ca,BS,CS,1,TUP-Taguig,2015,No,No,No
Hinton,Imogene,C,Jr.,23257478,No,Married,03/08/83,Cebu,F,Filipino,3478,Sed auctor,Davao,Quezon,I,nec ante. Maecenas,8335355388000,5071762,at.pede.Cras@nec.org,AB,CS,3,LSPU-Cavite City,2017,No,Yes,No
Dale,Asher,S,III,47841799,Yes,Separated,01/29/84,Manila,M,Chinese,1498,mus. Aenean,Davao,Quezon,III,et magnis dis,5611725861672,1239977,magnis.dis.parturient@at.org,AB,CoE,2,DLS-CSB,2017,No,Yes,Yes
Burns,Jack,V,Sr.,68380967,No,Single,12/28/83,Davao,F,Korean,1198,"odio, auctor vitae,",Antipolo,Rizal,IX,"vitae, aliquet nec,",4948029941879,4818277,dolor.egestas.rhoncus@odioNam.ca,BS,CoE,3,FEU-EAC,2015,Yes,Yes,No
Bright,Xena,U,Sr.,68814976,No,Widowed,05/21/80,Binangonan,F,Filipino,2106,ligula,Davao,Rizal,NCR,Praesent eu nulla,2307830853853,1042741,convallis@massa.co.uk,BS,Management,4,UP-Manila,2017,Yes,Yes,No
Rush,Eliana,K,III,17634767,Yes,Married,03/30/81,Cebu,F,Korean,3046,at risus. Nunc,Manila,Rizal,III,pede,8375928635708,8503773,Proin@elitsed.edu,AB,Marketing,4,Our Lady of Fatima,2016,Yes,No,No